{
  "epoch": 21,
  "train_loss": 0.28405699809149576,
  "train_acc": 0.8929610238510762,
  "val_loss": 0.39955043917478517,
  "val_acc": 0.8372093023255814
}