{
  "epoch": 5,
  "train_loss": 0.45709836179604013,
  "train_acc": 0.7998836532867947,
  "val_loss": 0.4657059587711512,
  "val_acc": 0.8
}