{
  "epoch": 23,
  "train_loss": 0.27778114953174227,
  "train_acc": 0.893542757417103,
  "val_loss": 0.39924349563066347,
  "val_acc": 0.8418604651162791
}