{
  "epoch": 8,
  "train_loss": 0.3628852996734632,
  "train_acc": 0.8510762070971495,
  "val_loss": 0.4227483031361602,
  "val_acc": 0.8232558139534883
}