{
  "epoch": 26,
  "train_loss": 0.2618336984069629,
  "train_acc": 0.8999418266433973,
  "val_loss": 0.39398361486057903,
  "val_acc": 0.8418604651162791
}