{
  "epoch": 6,
  "train_loss": 0.4085045129736889,
  "train_acc": 0.8324607329842932,
  "val_loss": 0.43767966447874557,
  "val_acc": 0.8023255813953488
}