{
  "epoch": 18,
  "train_loss": 0.29626740784822614,
  "train_acc": 0.8848167539267016,
  "val_loss": 0.40164762638336005,
  "val_acc": 0.8348837209302326
}