{
  "epoch": 30,
  "train_loss": 0.25182972401987336,
  "train_acc": 0.9040139616055847,
  "val_loss": 0.39240876214448794,
  "val_acc": 0.8488372093023255
}