{
  "epoch": 22,
  "train_loss": 0.28708030659664224,
  "train_acc": 0.8859802210587551,
  "val_loss": 0.39890174976615017,
  "val_acc": 0.8418604651162791
}