{
  "epoch": 24,
  "train_loss": 0.2664412691920493,
  "train_acc": 0.8999418266433973,
  "val_loss": 0.3963177118190499,
  "val_acc": 0.8441860465116279
}