{
  "epoch": 13,
  "train_loss": 0.3286843668797323,
  "train_acc": 0.8696916812100058,
  "val_loss": 0.41001262955887374,
  "val_acc": 0.8302325581395349
}