{
  "epoch": 11,
  "train_loss": 0.34026059562068406,
  "train_acc": 0.8598022105875509,
  "val_loss": 0.4151883115602094,
  "val_acc": 0.8255813953488372
}