{
  "epoch": 20,
  "train_loss": 0.29003394485698875,
  "train_acc": 0.8888888888888888,
  "val_loss": 0.39939618928487913,
  "val_acc": 0.8395348837209302
}