{
  "epoch": 7,
  "train_loss": 0.3857081968850906,
  "train_acc": 0.83304246655032,
  "val_loss": 0.42644702404044393,
  "val_acc": 0.8209302325581396
}