{
  "epoch": 14,
  "train_loss": 0.3202162384293397,
  "train_acc": 0.8708551483420593,
  "val_loss": 0.40905766071275224,
  "val_acc": 0.8325581395348837
}