{
  "epoch": 27,
  "train_loss": 0.26352945363681074,
  "train_acc": 0.89586969168121,
  "val_loss": 0.3931873038757679,
  "val_acc": 0.8465116279069768
}