{
  "epoch": 3,
  "train_loss": 0.5700255330216406,
  "train_acc": 0.6544502617801047,
  "val_loss": 0.5623119068700214,
  "val_acc": 0.6674418604651163
}