{
  "epoch": 9,
  "train_loss": 0.3575700374971371,
  "train_acc": 0.8598022105875509,
  "val_loss": 0.42059353174165237,
  "val_acc": 0.827906976744186
}