{
  "epoch": 25,
  "train_loss": 0.27374704990919557,
  "train_acc": 0.8952879581151832,
  "val_loss": 0.3951365171476852,
  "val_acc": 0.8465116279069768
}