{
  "epoch": 1,
  "train_loss": 0.6638705625029204,
  "train_acc": 0.6195462478184991,
  "val_loss": 0.6473964635715929,
  "val_acc": 0.6441860465116279
}