{
  "epoch": 12,
  "train_loss": 0.33815977932617647,
  "train_acc": 0.8667830133798721,
  "val_loss": 0.40930436059486036,
  "val_acc": 0.8302325581395349
}