{
  "epoch": 28,
  "train_loss": 0.2720417608661385,
  "train_acc": 0.891215823152996,
  "val_loss": 0.38730266856592754,
  "val_acc": 0.8558139534883721
}