{
  "epoch": 29,
  "train_loss": 0.27138471111022433,
  "train_acc": 0.893542757417103,
  "val_loss": 0.3862834316353465,
  "val_acc": 0.858139534883721
}