{
  "epoch": 19,
  "train_loss": 0.29304656150592073,
  "train_acc": 0.8871436881908086,
  "val_loss": 0.3996786913206411,
  "val_acc": 0.8348837209302326
}