{
  "epoch": 10,
  "train_loss": 0.3448746936344837,
  "train_acc": 0.8568935427574171,
  "val_loss": 0.41854106187820433,
  "val_acc": 0.8209302325581396
}