{
  "epoch": 2,
  "train_loss": 0.6167451353736088,
  "train_acc": 0.6463059918557301,
  "val_loss": 0.6081673397574314,
  "val_acc": 0.6465116279069767
}