{
  "epoch": 4,
  "train_loss": 0.5145440968820839,
  "train_acc": 0.7172774869109948,
  "val_loss": 0.5108271615449772,
  "val_acc": 0.7697674418604651
}