{
  "epoch": 15,
  "train_loss": 0.3065830736988294,
  "train_acc": 0.881326352530541,
  "val_loss": 0.40775876031365504,
  "val_acc": 0.8348837209302326
}