{
  "epoch": 16,
  "train_loss": 0.3077918404649343,
  "train_acc": 0.8784176847004073,
  "val_loss": 0.4024470771467963,
  "val_acc": 0.827906976744186
}