{
  "epoch": 17,
  "train_loss": 0.29489011795559616,
  "train_acc": 0.8871436881908086,
  "val_loss": 0.4013749733913777,
  "val_acc": 0.8302325581395349
}